Peso,Estatura,Edad,PctGrasaCorporal,EstadoCivil,ActividadFisica
80.1,172.5,74,17.8,casado,0
82.3,164.4,29,19.5,soltero,1
52.6,162.8,36,13.2,soltero,1
92.5,174.2,72,18.7,soltero,0
84.9,174.4,21,17.6,casado,1
84.7,176.1,62,17.0,divorciado,0
88.9,200.8,22,9.1,casado,0
65.7,155.4,66,20.8,casado,1
81.0,166.2,23,18.5,soltero,1
92.8,188.8,59,15.3,divorciado,0
84.4,172.6,56,16.8,casado,0
68.0,158.0,42,18.5,casado,1
50.0,166.1,63,10.8,soltero,0
57.4,160.1,50,17.4,casado,1
75.1,161.5,54,22.4,casado,1
74.6,162.2,68,22.5,soltero,1
59.4,150.8,54,19.5,soltero,1
61.1,156.4,73,20.9,divorciado,1
79.0,192.9,47,11.5,casado,0
74.6,139.9,55,26.2,divorciado,1
89.1,190.3,71,15.2,soltero,0
54.2,163.6,48,17.3,soltero,1
67.7,147.9,41,21.8,divorciado,1
59.5,178.3,56,10.2,casado,0
54.6,169.5,51,10.3,casado,0
77.2,172.7,65,21.2,soltero,1
83.5,176.0,22,11.4,casado,0
96.1,175.6,37,15.0,soltero,0
98.4,187.4,46,15.1,casado,0
63.6,157.4,66,20.3,casado,1
54.5,168.6,22,13.3,soltero,1
64.5,161.2,51,19.8,soltero,1
67.0,167.1,49,17.4,soltero,1
108.9,175.3,32,18.3,casado,0
88.5,160.6,20,15.7,casado,0
74.7,167.2,29,12.3,casado,0
62.2,174.5,62,13.1,soltero,0
82.2,148.0,62,28.2,casado,1
50.0,181.4,32,6.4,soltero,0
78.5,165.4,53,21.2,soltero,1
76.9,158.1,27,19.3,casado,1
55.1,179.7,26,7.0,soltero,0
53.9,179.2,21,6.1,casado,0
85.6,172.5,18,13.6,casado,0
69.4,165.8,53,14.4,casado,0
79.0,172.1,32,19.4,casado,1
75.4,192.4,32,10.1,casado,0
44.2,167.9,28,10.7,soltero,1
78.0,173.6,19,11.9,soltero,0
89.4,182.6,50,14.2,soltero,0
51.5,156.6,45,10.7,soltero,0
73.4,150.7,38,21.2,casado,1
79.6,163.0,20,17.9,casado,1
51.6,159.2,58,16.5,soltero,1
75.5,169.7,59,19.7,casado,1
98.6,176.2,37,15.9,casado,0
92.6,168.2,21,13.9,casado,0
47.8,155.3,64,15.7,casado,1
63.5,165.7,18,15.0,casado,1
79.7,177.2,40,11.7,casado,0
64.6,186.5,45,10.1,soltero,0
58.2,160.4,46,17.1,casado,1
60.1,171.0,65,17.5,soltero,1
93.2,168.4,39,21.7,soltero,1
57.7,169.8,60,12.4,casado,0
65.6,167.1,74,19.8,soltero,1
64.0,199.5,45,8.3,soltero,0
78.3,181.5,71,15.6,soltero,0
63.4,181.5,24,7.6,soltero,0
71.8,158.7,65,22.6,soltero,1
71.5,159.7,58,21.8,soltero,1
90.0,169.5,23,13.4,casado,0
78.8,152.2,39,22.9,soltero,1
61.3,156.5,41,18.4,casado,1
61.9,155.1,38,16.8,soltero,1
75.4,179.5,52,18.0,casado,1
67.1,164.8,65,18.8,soltero,1
78.0,178.7,19,10.8,soltero,0
57.1,150.8,47,18.5,soltero,1
85.0,189.1,61,13.3,divorciado,0
92.3,165.5,43,18.6,casado,0
40.0,176.8,38,10.9,casado,1
66.8,168.5,56,19.4,casado,1
64.5,168.1,26,14.7,divorciado,1
105.8,174.7,48,20.1,divorciado,0
47.9,160.6,27,14.1,soltero,1
68.3,186.9,34,9.1,soltero,0
87.7,161.5,58,19.1,casado,0
66.7,168.9,19,9.4,casado,0
87.2,176.3,58,14.2,casado,0
75.1,180.4,24,9.5,soltero,0
74.4,173.7,51,17.1,soltero,1
85.8,192.5,39,12.1,divorciado,0
68.9,171.9,20,9.5,casado,0
72.0,177.0,61,13.9,soltero,0
61.1,153.4,53,18.9,casado,1
61.7,164.6,30,14.7,soltero,1
54.6,170.9,70,16.7,soltero,1
97.7,184.0,65,17.3,casado,0
70.2,156.2,47,20.3,casado,1
84.4,185.7,45,12.8,casado,0
86.1,178.8,39,12.5,soltero,0
82.8,190.7,70,13.5,casado,0
50.0,180.6,60,9.6,casado,0
55.8,193.8,62,9.5,soltero,0
86.2,181.1,26,12.7,casado,0
82.4,185.7,62,14.8,soltero,0
97.5,170.7,27,16.2,soltero,0
76.0,175.1,46,13.4,casado,0
61.9,165.0,65,14.4,soltero,0
40.0,159.8,40,11.3,casado,1
65.1,151.2,34,18.9,divorciado,1
89.7,167.4,58,18.7,soltero,0
84.8,161.9,71,24.6,soltero,1
48.4,166.0,66,15.7,soltero,1
48.3,156.8,57,15.7,soltero,1
80.3,178.9,43,14.2,casado,0
67.3,163.8,67,21.0,soltero,1
70.6,165.4,25,15.9,casado,1
73.4,181.5,66,13.8,divorciado,0
49.8,174.3,47,14.0,casado,1
56.9,176.2,41,9.5,soltero,0
80.2,168.9,50,21.0,casado,1
67.1,163.6,66,21.6,casado,1
90.8,174.9,55,17.0,casado,0
77.6,163.1,74,24.2,casado,1
92.7,172.2,70,23.7,divorciado,1
80.8,164.1,46,15.3,casado,0
75.6,162.8,73,17.7,divorciado,0
88.6,175.0,23,17.2,casado,1
50.0,183.3,39,6.4,divorciado,0
55.5,167.4,30,15.1,soltero,1
50.5,159.9,68,18.5,soltero,1
60.1,185.1,18,6.3,soltero,0
55.9,152.3,65,20.3,casado,1
65.0,182.3,33,7.4,casado,0
76.8,176.2,70,16.8,soltero,0
74.9,177.2,73,22.3,soltero,1
86.8,169.6,40,16.2,casado,0
58.6,160.9,63,18.2,casado,1
78.6,158.5,54,22.9,casado,1
64.8,175.3,49,10.7,divorciado,0
93.0,193.0,37,12.6,soltero,0
46.1,175.8,34,11.3,casado,1
73.8,173.6,50,18.5,soltero,1
75.6,158.5,63,22.3,soltero,1
65.2,158.6,63,20.3,soltero,1
50.9,165.6,64,17.7,soltero,1
70.4,156.1,71,22.7,soltero,1
80.7,157.2,51,23.4,soltero,1
60.5,185.8,67,11.8,casado,0
78.0,183.4,66,13.5,casado,0
65.5,161.2,38,16.8,casado,1
62.4,167.2,57,17.4,soltero,1
70.9,177.4,44,10.3,casado,0
58.0,150.4,25,16.5,soltero,1
45.3,165.5,55,15.3,casado,1
60.2,155.8,43,17.3,soltero,1
77.2,168.4,19,11.1,casado,0
79.8,190.0,25,9.0,soltero,0
72.4,171.5,33,15.9,casado,1
93.0,159.8,42,20.2,casado,0
91.7,170.4,23,14.6,soltero,0
86.9,176.9,39,13.9,soltero,0
108.9,176.7,42,17.9,soltero,0
72.5,185.9,45,10.1,casado,0
89.1,160.7,62,20.5,casado,0
71.1,160.9,64,21.9,soltero,1
55.5,184.2,50,9.4,soltero,0
59.6,174.0,41,9.2,soltero,0
75.8,176.8,58,14.6,casado,0
64.3,163.2,26,16.9,soltero,1
82.6,192.5,71,13.8,casado,0
117.0,169.8,70,24.1,soltero,0
65.5,156.6,61,21.2,soltero,1
69.3,182.2,64,11.7,casado,0
50.5,189.0,62,9.0,casado,0
91.8,195.1,59,14.0,casado,0
66.3,161.5,35,17.7,soltero,1
87.9,162.9,64,19.7,soltero,0
84.3,176.7,51,15.9,soltero,0
50.0,180.4,48,7.9,soltero,0
68.8,150.7,29,19.0,casado,1
57.3,184.6,50,6.7,soltero,0
43.4,165.1,34,11.7,soltero,1
55.5,163.7,21,12.6,soltero,1
82.4,158.6,39,21.0,soltero,1
90.8,169.8,18,13.5,soltero,0
52.2,164.6,30,14.4,casado,1
105.6,170.5,68,22.3,casado,0
64.7,173.2,51,11.8,casado,0
60.4,163.8,36,15.6,soltero,1
95.2,170.8,28,14.3,casado,0
50.0,169.2,30,7.5,casado,0
70.7,170.3,47,18.6,casado,1
55.9,150.6,19,14.4,casado,1
60.0,149.0,40,18.5,soltero,1
57.8,162.2,31,10.3,soltero,0
65.3,172.5,27,15.1,soltero,1
103.7,179.8,38,17.1,casado,0
76.0,158.0,38,19.6,casado,1
41.0,165.3,69,15.0,casado,1
58.8,164.7,26,14.1,casado,1
78.3,178.3,29,11.3,casado,0
66.7,183.2,64,12.7,soltero,0
76.1,169.1,45,19.0,soltero,1
79.3,167.8,54,16.3,soltero,0
54.0,159.0,41,15.7,casado,1
76.4,153.5,65,19.3,casado,0
84.6,175.8,67,16.9,soltero,0
96.3,160.2,35,19.8,soltero,0
60.6,160.3,67,20.1,soltero,1
44.2,167.9,40,11.5,soltero,1
104.6,174.3,69,20.7,soltero,0
99.2,180.9,54,17.5,casado,0
90.9,187.7,59,14.6,soltero,0
75.1,170.3,55,20.8,soltero,1
64.4,174.3,20,8.7,casado,0
63.1,161.7,47,17.4,soltero,1
74.6,150.8,38,16.4,soltero,0
43.7,172.4,28,11.0,casado,1
90.0,179.3,68,17.6,casado,0
67.1,158.7,40,19.6,soltero,1
74.4,176.9,71,15.8,divorciado,0
54.4,161.8,62,12.4,soltero,0
82.2,169.8,58,15.6,casado,0
80.9,174.1,18,10.8,casado,0
83.7,159.4,53,19.8,soltero,0
95.0,168.3,73,20.9,soltero,0
67.2,182.0,28,8.8,soltero,0
64.1,166.2,52,18.1,casado,1
70.9,167.4,33,10.7,soltero,0
73.3,144.7,49,25.2,casado,1
78.3,168.8,24,16.9,casado,1
64.2,163.2,30,15.0,soltero,1
65.6,184.4,38,10.0,divorciado,0
53.4,168.6,38,12.9,casado,1
61.6,178.6,54,11.3,soltero,0
52.0,164.5,18,11.9,soltero,1
71.4,176.3,23,10.8,divorciado,0
95.8,182.0,27,12.9,soltero,0
63.9,180.6,37,9.5,soltero,0
87.4,160.2,61,24.2,divorciado,1
97.8,176.9,44,16.6,soltero,0
60.3,193.8,37,6.3,casado,0
64.7,168.9,53,17.1,divorciado,1
98.6,175.6,25,15.0,soltero,0
97.9,174.8,71,19.4,casado,0
67.4,161.5,35,17.5,soltero,1
79.6,178.8,53,13.6,casado,0
67.6,175.4,41,10.7,soltero,0
72.3,157.8,43,20.4,soltero,1
96.3,192.7,45,13.3,casado,0
74.6,193.1,60,11.4,soltero,0
66.1,159.4,58,14.3,soltero,0
80.0,171.6,30,13.4,soltero,0
71.5,156.9,55,21.4,casado,1
64.7,172.2,35,14.8,casado,1
81.0,175.6,71,16.9,soltero,0
50.0,190.3,51,7.5,casado,0
54.2,174.0,60,15.6,casado,1
67.6,169.2,20,14.3,casado,1
117.7,188.9,74,20.6,soltero,0
101.1,181.2,55,18.5,casado,0
90.4,172.1,24,13.8,soltero,0
53.5,153.4,54,18.1,casado,1
66.5,174.4,30,9.7,soltero,0
78.9,164.1,47,20.7,soltero,1
77.2,156.0,56,21.5,divorciado,1
64.3,169.7,22,13.8,casado,1
86.3,168.1,74,18.8,soltero,0
55.3,168.7,27,7.8,divorciado,0
45.0,175.1,47,13.5,casado,1
65.7,173.3,52,11.1,soltero,0
55.5,164.9,19,13.5,casado,1
62.3,167.6,32,16.0,casado,1
41.7,175.4,67,14.0,soltero,1
64.5,150.5,49,20.5,casado,1
90.9,169.4,29,15.1,casado,0
69.8,174.2,69,19.7,soltero,1
69.9,161.1,49,14.8,casado,0
70.9,188.8,36,9.3,casado,0
54.6,160.1,23,8.8,casado,0
66.3,164.0,65,19.6,casado,1
40.0,162.8,35,10.5,soltero,1
76.0,174.4,57,14.7,casado,0
56.2,166.7,44,14.8,casado,1
70.1,181.2,24,9.6,soltero,0
66.3,172.9,47,16.6,soltero,1
61.8,171.4,35,14.9,casado,1
81.2,163.8,22,19.0,soltero,1
60.3,169.5,53,16.5,casado,1
100.2,179.9,27,14.8,soltero,0
66.5,178.8,41,15.9,divorciado,1
70.2,161.1,37,18.9,divorciado,1
94.3,181.3,64,17.3,casado,0
60.6,155.1,32,16.3,casado,1
96.3,168.0,18,14.9,soltero,0
59.2,175.8,61,12.1,casado,0
53.7,163.8,47,15.6,soltero,1
84.8,183.2,53,13.9,soltero,0
74.6,169.8,63,15.0,casado,0
67.9,167.3,67,15.2,soltero,0
55.1,170.3,29,13.9,casado,1
65.4,159.1,23,15.6,divorciado,1
82.6,172.8,18,11.6,casado,0
74.8,163.8,68,16.6,casado,0
65.4,160.2,55,19.6,casado,1
60.3,157.9,51,18.8,soltero,1
70.1,153.5,35,13.6,soltero,0
76.8,177.0,60,14.0,casado,0
85.4,182.1,23,10.2,soltero,0
57.5,172.8,45,14.4,casado,1
75.9,192.5,26,8.5,soltero,0
100.4,171.9,39,17.6,soltero,0
62.9,175.5,39,11.2,soltero,0
43.3,172.4,29,10.1,soltero,1
110.5,169.3,46,21.5,casado,0
59.8,164.5,59,18.0,soltero,1
85.7,167.0,44,15.9,divorciado,0
74.4,156.8,32,19.9,soltero,1
59.0,156.1,38,17.4,casado,1
74.4,150.2,19,20.5,divorciado,1
66.3,154.2,46,18.5,casado,1
55.4,162.8,59,17.9,casado,1
81.8,163.9,57,22.8,soltero,1
88.8,193.5,52,12.6,soltero,0
48.2,167.1,72,15.3,divorciado,1
73.6,164.0,70,16.0,casado,0
79.9,183.7,34,10.5,casado,0
63.5,164.4,29,14.7,soltero,1
70.4,150.1,33,19.7,casado,1
89.1,170.6,48,16.2,soltero,0
64.3,168.5,69,19.5,soltero,1
67.7,166.6,48,18.4,soltero,1
69.0,152.1,63,23.1,soltero,1
69.1,168.1,43,18.5,soltero,1
79.2,158.3,51,16.5,casado,0
74.2,186.1,49,13.1,soltero,0
81.6,172.5,31,13.9,soltero,0
69.4,162.9,63,20.3,casado,1
72.9,177.5,36,16.9,soltero,1
93.0,146.0,26,21.0,casado,0
52.9,169.2,53,14.8,casado,1
70.0,151.7,46,20.9,soltero,1
76.0,164.5,74,18.1,soltero,0
88.2,169.3,67,18.6,soltero,0
72.4,169.4,66,15.5,soltero,0
66.7,170.2,40,11.1,casado,0
58.4,163.7,21,14.6,soltero,1
89.1,167.2,22,19.2,casado,1
77.5,179.3,56,14.7,casado,0
92.0,185.4,26,12.3,soltero,0
65.5,171.5,49,15.8,casado,1
78.3,159.4,65,18.7,soltero,0
79.3,201.3,42,9.0,soltero,0
55.9,167.7,45,15.3,soltero,1
40.8,141.7,24,13.5,divorciado,1
77.6,161.7,22,12.5,casado,0
82.0,167.9,43,16.4,soltero,0
63.1,162.9,69,19.9,casado,1
76.2,181.5,74,14.7,casado,0
52.6,153.3,31,13.5,casado,1
69.9,158.8,71,23.3,divorciado,1
60.7,165.4,24,14.5,soltero,1
72.5,191.7,54,10.7,casado,0
55.9,162.5,28,14.2,soltero,1
55.8,166.4,66,17.4,divorciado,1
72.1,180.5,22,10.5,casado,0
78.7,164.0,38,19.5,soltero,1
65.6,156.7,23,16.9,soltero,1
78.4,163.5,28,18.8,casado,1
67.5,158.5,32,18.0,soltero,1
50.0,166.6,20,6.5,casado,0
55.3,157.4,55,18.3,casado,1
66.1,157.5,48,19.6,casado,1
83.8,156.3,50,23.7,casado,1
75.9,164.5,25,18.1,soltero,1
51.0,164.8,70,17.8,casado,1
53.0,162.3,54,17.1,soltero,1
64.7,176.1,61,12.7,soltero,0
75.5,172.8,43,13.9,soltero,0
40.0,160.0,34,12.3,divorciado,1
68.1,178.2,27,10.0,casado,0
83.9,179.7,43,13.0,casado,0
51.6,150.0,34,16.4,soltero,1
71.0,164.0,36,12.5,casado,0
76.1,170.9,38,18.7,casado,1
77.1,189.8,54,12.4,casado,0
66.4,158.6,26,16.0,divorciado,1
65.8,164.8,43,16.8,casado,1
72.6,151.0,33,20.9,casado,1
75.3,159.8,60,16.7,soltero,0
67.6,154.2,44,20.9,casado,1
102.2,164.7,51,19.4,casado,0
72.3,153.4,21,18.5,soltero,1
48.7,172.4,35,12.9,casado,1
64.3,160.7,60,19.3,casado,1
96.1,180.2,49,15.6,casado,0
81.6,173.2,60,15.3,casado,0
110.4,185.9,74,20.4,soltero,0
76.3,163.2,61,21.8,casado,1
88.6,189.4,34,11.9,casado,0
45.7,170.4,67,16.0,soltero,1
77.7,177.5,30,11.7,divorciado,0
64.9,147.9,70,23.8,soltero,1
60.3,145.6,40,19.3,divorciado,1
74.0,170.1,52,18.3,soltero,1
59.2,153.4,55,20.0,casado,1
76.2,180.7,40,11.4,casado,0
73.6,179.7,46,11.7,soltero,0
76.7,188.8,30,9.4,soltero,0
88.9,174.1,27,19.4,soltero,1
80.6,170.4,35,14.4,soltero,0
56.7,163.9,64,13.4,soltero,0
68.9,171.4,21,9.8,soltero,0
56.3,164.8,25,13.7,casado,1
82.5,152.1,60,26.8,soltero,1
64.0,168.2,46,12.2,soltero,0
72.6,153.6,31,19.8,divorciado,1
80.2,180.4,68,16.2,soltero,0
68.7,185.2,35,8.7,divorciado,0
79.5,165.2,70,17.1,casado,0
63.0,174.0,62,12.1,casado,0
71.9,158.4,57,22.3,soltero,1
59.4,173.9,40,10.4,soltero,0
77.5,166.6,61,21.4,casado,1
78.3,146.3,74,26.1,soltero,1
70.8,169.4,35,10.4,soltero,0
80.5,180.7,74,21.6,soltero,1
84.5,172.9,43,15.1,soltero,0
76.6,169.1,20,17.4,soltero,1
75.9,155.2,52,18.1,casado,0
92.9,186.3,42,13.7,soltero,0
89.0,172.6,24,14.0,soltero,0
52.6,173.0,62,15.6,casado,1
92.3,163.4,64,20.3,soltero,0
71.6,151.6,31,19.7,soltero,1
70.8,163.5,45,18.3,soltero,1
62.8,167.8,29,14.8,casado,1
97.1,161.5,29,22.3,soltero,1
57.5,170.5,74,17.9,casado,1
68.7,159.1,38,19.2,casado,1
57.5,169.9,55,11.8,soltero,0
57.7,168.8,71,17.5,casado,1
55.7,158.3,24,13.4,casado,1
97.2,174.7,64,19.1,soltero,0
72.7,178.7,19,9.3,soltero,0
52.9,173.0,40,14.0,soltero,1
91.9,174.7,42,14.1,soltero,0
51.9,153.6,35,16.2,soltero,1
100.7,174.0,57,19.1,casado,0
66.0,170.7,55,11.5,casado,0
60.5,159.4,41,18.0,soltero,1
77.0,162.5,70,23.8,divorciado,1
81.9,166.0,41,16.1,casado,0
56.0,166.3,37,15.5,soltero,1
52.7,155.6,44,14.9,casado,1
58.2,158.8,23,12.9,soltero,1
81.3,168.0,40,15.3,soltero,0
65.4,168.1,37,16.3,soltero,1
65.7,160.2,48,20.0,soltero,1
56.6,178.2,52,14.8,divorciado,1
65.6,177.3,21,8.6,casado,0
82.5,173.4,71,17.3,casado,0
53.9,162.8,73,18.6,casado,1
76.6,177.0,58,15.5,soltero,0
68.2,157.5,23,16.5,soltero,1
98.6,168.6,72,20.6,casado,0
87.5,186.5,21,10.6,divorciado,0
45.7,158.3,42,14.4,casado,1
82.3,161.0,73,19.8,soltero,0
86.3,170.0,27,18.0,soltero,1
59.7,180.1,35,14.8,casado,1
82.3,164.6,27,15.1,soltero,0
95.6,166.5,66,20.9,soltero,0
40.0,161.8,55,13.7,soltero,1
53.1,163.3,28,13.2,casado,1
47.3,155.1,59,16.8,divorciado,1
90.4,175.8,71,18.5,soltero,0
69.4,168.9,62,19.6,casado,1
78.3,179.9,35,12.4,casado,0
58.5,157.0,22,14.5,soltero,1
62.6,156.5,29,16.3,divorciado,1
97.2,153.9,70,30.0,divorciado,1
74.2,175.1,29,10.6,casado,0
62.1,180.1,54,9.6,soltero,0
72.5,170.5,73,15.6,soltero,0
62.9,167.9,71,18.0,casado,1
94.1,169.2,31,14.2,soltero,0
76.1,177.4,73,15.6,soltero,0
62.3,154.3,64,17.0,casado,0
94.1,183.8,74,18.1,casado,0
53.2,156.8,38,16.6,casado,1
82.9,169.4,37,13.7,casado,0
73.6,167.3,57,20.1,soltero,1
63.5,172.2,19,13.1,casado,1
73.2,146.3,25,20.8,divorciado,1
87.8,196.5,67,14.3,soltero,0
82.5,193.0,33,8.4,soltero,0
55.0,171.4,61,17.6,casado,1
76.2,182.4,46,11.3,casado,0
66.2,176.1,43,14.9,casado,1
76.8,181.1,59,14.1,casado,0
89.2,180.9,69,17.6,soltero,0
58.9,175.8,36,14.3,soltero,1
74.6,172.3,28,10.8,casado,0
83.5,165.1,29,14.5,casado,0
72.5,158.4,24,18.6,soltero,1
65.8,164.5,56,18.5,divorciado,1
71.4,165.4,59,20.2,soltero,1
62.4,169.5,72,18.5,soltero,1
61.1,166.6,34,15.8,casado,1
78.2,159.1,68,23.2,soltero,1
90.2,148.2,65,29.2,soltero,1
86.7,168.7,28,13.6,casado,0
62.6,168.0,64,14.0,casado,0
65.8,153.4,21,17.3,casado,1
76.1,158.0,19,17.5,soltero,1
74.4,162.5,67,16.8,divorciado,0
56.1,179.0,74,12.4,casado,0
62.1,159.4,45,17.8,casado,1
101.1,162.2,67,23.1,casado,0
74.2,147.6,36,20.8,casado,1
74.9,191.3,41,9.4,soltero,0
83.0,154.2,32,20.7,casado,1
76.6,158.1,36,20.7,divorciado,1
94.9,179.4,52,16.9,casado,0
66.6,172.3,20,8.4,soltero,0
72.5,141.8,24,21.1,soltero,1
76.7,164.4,70,22.7,casado,1
64.1,143.1,72,23.2,casado,1
71.2,172.0,19,15.8,soltero,1
78.5,158.5,61,18.2,casado,0
65.7,164.9,59,19.8,soltero,1
74.8,186.4,31,9.1,soltero,0
46.8,158.1,51,14.0,casado,1
57.8,184.9,42,8.3,casado,0
68.9,158.1,66,15.6,divorciado,0
57.4,163.9,36,13.9,soltero,1
63.4,176.9,25,9.2,soltero,0
65.1,155.7,67,22.0,soltero,1
51.9,172.5,74,16.8,soltero,1
66.6,170.7,73,17.9,soltero,1
80.1,168.2,22,17.6,soltero,1
61.1,191.4,72,10.5,soltero,0
81.2,155.1,22,15.5,soltero,0
80.8,167.3,51,15.6,casado,0
70.2,178.6,38,15.1,divorciado,1
58.2,174.8,57,12.0,soltero,0
63.9,159.7,31,15.9,soltero,1
84.8,173.6,41,15.2,casado,0
60.0,154.2,40,17.1,soltero,1
100.5,200.7,55,14.6,soltero,0
82.0,183.2,72,15.6,casado,0
59.5,165.5,60,17.3,soltero,1
67.6,180.1,58,12.3,casado,0
56.4,170.6,61,17.1,casado,1
108.1,168.8,28,18.4,casado,0
61.0,166.8,18,14.6,casado,1
84.6,166.4,53,16.7,soltero,0
87.3,161.7,23,14.2,casado,0
73.7,160.9,72,22.5,divorciado,1
94.2,161.2,49,19.1,casado,0
83.0,182.1,22,11.8,soltero,0
70.3,150.9,62,22.8,casado,1
89.4,172.4,20,13.5,casado,0
76.5,181.8,51,13.2,casado,0
73.9,177.2,54,17.8,soltero,1
50.6,162.6,67,16.7,casado,1
87.6,174.8,64,22.2,soltero,1
81.6,158.5,20,18.8,casado,1
71.3,167.7,53,13.7,soltero,0
72.8,149.5,31,21.9,divorciado,1
88.6,170.7,44,16.1,casado,0
61.2,167.7,71,15.8,soltero,0
66.7,185.8,70,12.9,casado,0
67.8,193.5,69,11.1,casado,0
62.6,177.6,47,15.1,soltero,1
79.8,177.0,52,14.7,casado,0
80.8,156.6,37,17.5,divorciado,0
95.1,161.4,54,20.9,casado,0
76.4,168.9,24,17.5,casado,1
93.0,154.8,36,24.8,soltero,1
103.9,167.2,40,18.3,casado,0
71.2,165.2,59,15.0,casado,0
76.0,186.2,62,13.7,soltero,0
52.8,167.6,40,14.6,soltero,1
90.6,177.8,53,16.2,casado,0
64.7,170.4,31,14.9,soltero,1
51.1,162.0,20,12.7,soltero,1
76.4,172.0,26,11.9,soltero,0
65.9,141.4,35,21.3,casado,1
81.1,161.7,72,23.6,casado,1
102.1,162.8,54,22.2,soltero,0
66.6,167.9,50,13.4,casado,0
65.7,199.9,37,7.5,soltero,0
68.8,196.4,53,10.8,soltero,0
57.1,175.0,65,16.0,casado,1
97.6,177.2,69,19.0,casado,0
93.8,175.4,61,18.5,soltero,0
53.1,183.7,64,9.8,soltero,0
85.7,185.3,47,13.8,casado,0
55.3,170.7,54,15.3,divorciado,1
64.6,165.6,74,21.3,soltero,1
56.0,167.5,66,18.1,soltero,1
65.3,174.8,56,11.7,casado,0
77.8,162.6,26,14.2,casado,0
55.5,164.1,60,18.3,soltero,1
48.3,181.8,70,16.0,soltero,1
83.1,171.1,72,17.8,casado,0
77.0,141.0,32,23.7,casado,1
70.7,167.9,70,19.9,soltero,1
64.3,155.5,64,20.8,soltero,1
51.0,179.0,57,8.7,soltero,0
76.5,170.1,42,13.1,soltero,0
89.7,186.1,68,15.8,casado,0
52.6,152.2,45,17.0,soltero,1
90.4,147.0,30,26.0,soltero,1
76.9,164.3,30,18.1,divorciado,1
86.7,157.2,41,17.9,soltero,0
69.9,150.9,68,23.2,casado,1
87.3,178.8,54,15.3,casado,0
50.0,180.6,44,7.1,soltero,0
40.0,169.0,43,11.1,casado,1
52.8,165.1,48,15.9,soltero,1
45.0,159.3,37,12.1,soltero,1
66.8,175.3,50,12.6,soltero,0
60.4,146.5,47,20.3,soltero,1
81.1,176.4,27,11.9,casado,0
91.1,180.4,19,11.2,casado,0
62.6,166.7,26,15.3,soltero,1
74.2,175.3,19,14.5,casado,1
41.2,156.7,59,15.2,soltero,1
51.6,172.8,46,13.6,casado,1
81.4,165.2,43,15.2,soltero,0
68.7,164.4,52,19.9,soltero,1
42.1,154.1,34,12.2,soltero,1
52.9,160.3,40,15.7,soltero,1
80.2,163.7,41,19.8,casado,1
50.7,160.4,18,12.5,soltero,1
41.8,144.7,37,13.7,soltero,1
70.3,169.5,46,18.7,casado,1
68.8,197.7,24,6.6,casado,0
52.0,145.8,21,15.1,divorciado,1
60.3,165.0,52,17.5,soltero,1
71.3,151.1,41,21.5,casado,1
67.2,161.7,26,16.4,divorciado,1
87.0,162.9,47,18.0,casado,0
79.8,156.3,32,20.2,divorciado,1
68.3,148.8,31,19.6,soltero,1
65.7,171.1,29,15.8,soltero,1
59.7,173.7,61,17.1,casado,1
71.5,168.2,39,12.5,casado,0
79.8,186.9,23,10.0,divorciado,0
59.8,177.6,46,14.7,soltero,1
75.2,186.7,45,11.4,soltero,0
80.4,166.5,50,19.9,soltero,1
64.1,154.6,38,12.8,soltero,0
75.8,177.3,65,14.1,soltero,0
71.9,170.1,67,15.1,casado,0
62.1,168.0,61,18.2,casado,1
102.2,171.3,39,18.4,casado,0
76.8,186.1,27,10.4,casado,0
73.1,179.9,67,19.1,divorciado,1
94.9,179.1,68,17.8,divorciado,0
82.2,170.0,52,15.9,soltero,0
81.8,159.3,66,18.8,soltero,0
59.8,154.9,29,16.7,soltero,1
61.4,150.8,38,19.8,soltero,1
66.3,173.7,56,18.7,casado,1
85.6,169.5,55,16.6,casado,0
63.7,159.4,57,19.1,casado,1
74.8,177.0,18,10.2,casado,0
92.2,173.1,35,14.9,casado,0
78.1,181.0,58,14.3,soltero,0
60.4,165.2,71,14.1,soltero,0
78.4,171.4,26,11.3,soltero,0
73.2,176.3,68,14.9,casado,0
87.0,141.9,43,27.5,casado,1
77.7,170.2,31,11.6,soltero,0
62.0,180.8,61,10.6,casado,0
89.3,160.9,24,18.0,casado,0
62.7,174.9,51,16.4,soltero,1
106.5,159.2,23,20.9,soltero,0
54.0,188.2,63,9.0,soltero,0
60.1,186.0,25,5.9,soltero,0
76.4,163.6,27,18.3,soltero,1
90.1,178.9,74,17.3,soltero,0
75.9,168.5,58,14.4,soltero,0
53.3,159.7,68,16.6,soltero,1
40.0,174.4,27,9.5,divorciado,1
74.1,159.0,40,20.5,casado,1
97.0,175.5,66,19.7,casado,0
74.5,162.7,72,22.1,soltero,1
65.8,190.8,30,8.1,soltero,0
74.1,164.8,66,15.7,casado,0
65.9,172.8,38,14.9,casado,1
61.7,151.6,22,15.6,soltero,1
76.4,176.8,23,11.9,soltero,0
96.6,187.1,35,12.9,soltero,0
85.2,168.0,58,22.3,soltero,1
72.9,176.1,33,10.8,casado,0
57.7,171.9,43,15.3,soltero,1
71.1,179.3,28,9.8,casado,0
79.3,164.8,30,18.9,soltero,1
68.2,174.5,30,9.6,divorciado,0
64.6,148.4,19,19.4,soltero,1
63.0,190.8,62,8.9,soltero,0
84.4,175.8,48,15.1,casado,0
86.0,172.7,31,12.9,soltero,0
70.8,172.8,74,21.1,divorciado,1
92.1,191.7,56,15.0,casado,0
82.3,171.5,74,17.7,soltero,0
78.2,148.9,65,25.6,casado,1
92.0,179.1,21,12.7,soltero,0
60.6,153.0,40,19.2,soltero,1
105.4,165.1,60,21.7,casado,0
77.6,179.6,37,11.1,soltero,0
61.2,163.7,57,17.6,divorciado,1
53.8,167.1,57,11.0,soltero,0
41.5,158.8,36,13.1,casado,1
53.9,173.0,69,16.6,divorciado,1
71.0,161.6,63,16.5,soltero,0
78.7,165.0,38,19.4,casado,1
57.4,177.2,45,9.9,soltero,0
46.5,173.8,43,12.5,casado,1
102.2,174.4,49,19.0,soltero,0
55.0,163.4,62,17.8,soltero,1
74.1,162.0,68,22.2,soltero,1
74.3,179.9,51,12.6,soltero,0
43.9,154.5,31,13.3,soltero,1
57.8,160.0,41,11.4,casado,0
53.0,171.7,46,13.7,casado,1
66.1,173.3,74,14.8,casado,0
84.9,175.7,70,16.9,soltero,0
40.0,155.7,51,13.5,divorciado,1
51.7,163.3,56,15.2,soltero,1
53.2,157.0,50,17.1,divorciado,1
55.8,166.3,36,14.7,soltero,1
74.1,177.3,21,15.3,casado,1
66.9,163.3,18,14.5,casado,1
68.7,179.2,64,13.4,casado,0
72.4,173.5,23,9.4,soltero,0
70.8,157.5,35,20.3,soltero,1
72.5,174.7,33,11.1,soltero,0
102.0,173.3,37,16.6,divorciado,0
83.7,178.2,30,11.4,soltero,0
55.0,162.7,21,13.1,casado,1
52.9,175.1,69,15.3,casado,1
85.7,164.3,46,17.8,soltero,0
78.4,172.9,33,17.7,soltero,1
66.2,157.9,46,14.3,casado,0
48.2,155.6,61,16.5,soltero,1
75.1,166.4,36,14.1,casado,0
52.8,150.9,46,18.0,divorciado,1
88.1,162.2,68,20.5,casado,0
67.6,163.3,74,21.1,soltero,1
54.2,179.9,24,6.5,casado,0
69.7,168.9,34,12.4,soltero,0
59.2,157.1,57,19.0,divorciado,1
89.5,185.5,55,15.5,casado,0
59.6,154.2,49,12.9,soltero,0
68.8,171.5,65,14.1,soltero,0
83.9,174.6,73,17.3,soltero,0
64.0,161.0,24,15.6,soltero,1
94.2,169.3,72,25.7,soltero,1
75.5,155.8,25,20.8,soltero,1
77.7,178.1,72,16.6,divorciado,0
92.3,182.0,65,17.1,casado,0
65.8,155.5,67,21.5,divorciado,1
75.3,167.8,29,18.1,soltero,1
64.9,154.3,26,16.4,soltero,1
86.8,180.9,69,16.1,soltero,0
53.9,141.7,54,19.5,soltero,1
74.9,175.3,32,12.1,casado,0
96.5,168.9,44,18.7,divorciado,0
76.2,200.6,25,7.0,casado,0
58.8,172.9,23,12.6,soltero,1
125.9,190.5,70,21.4,soltero,0
82.2,191.1,64,13.7,casado,0
79.3,154.8,44,23.0,casado,1
59.9,177.8,53,16.0,casado,1
77.7,156.9,38,21.8,soltero,1
68.5,165.3,63,19.3,soltero,1
70.0,180.6,66,13.3,casado,0
68.2,180.7,69,12.8,soltero,0
63.9,159.5,49,17.8,soltero,1
63.7,185.4,39,10.6,casado,0
61.3,162.3,22,14.4,casado,1
52.3,168.0,27,12.7,casado,1
70.8,150.9,35,20.0,casado,1
81.6,182.6,57,15.1,casado,0
55.3,158.1,50,17.1,casado,1
96.4,174.6,44,16.9,soltero,0
109.1,177.8,31,17.6,soltero,0
72.9,181.3,58,12.6,soltero,0
68.3,169.7,55,13.5,casado,0
94.1,148.5,72,25.8,soltero,0
45.6,169.5,57,13.7,casado,1
63.3,171.4,27,15.2,soltero,1
80.9,180.2,41,12.7,divorciado,0
72.2,177.5,30,10.1,soltero,0
70.4,174.0,27,10.7,soltero,0
73.8,189.5,47,11.3,soltero,0
58.4,185.9,73,11.2,casado,0
60.9,176.8,62,11.4,soltero,0
79.4,174.3,71,16.4,soltero,0
94.3,183.4,21,12.0,soltero,0
66.4,161.4,71,21.5,casado,1
75.4,163.5,61,20.1,casado,1
78.1,156.8,40,20.5,casado,1
42.7,161.7,29,12.0,soltero,1
50.6,165.8,33,11.8,soltero,1
68.7,162.1,68,20.4,casado,1
91.6,174.5,74,19.0,soltero,0
81.9,181.1,39,12.6,soltero,0
82.8,169.3,61,17.0,casado,0
62.1,153.4,43,18.8,casado,1
80.9,166.8,57,17.2,casado,0
61.5,163.0,22,14.3,soltero,1
70.0,188.3,58,11.6,soltero,0
108.8,171.3,57,20.7,soltero,0
68.5,153.2,69,22.8,casado,1
90.2,184.4,70,16.6,soltero,0
57.5,161.9,41,15.8,soltero,1
41.4,153.8,30,13.3,casado,1
53.5,168.8,70,18.0,soltero,1
71.4,175.2,45,13.4,soltero,0
69.9,159.2,61,21.6,soltero,1
85.5,165.0,40,15.8,soltero,0
52.7,163.5,19,6.9,divorciado,0
71.7,157.5,34,19.3,soltero,1
73.0,169.7,41,12.9,casado,0
63.4,172.5,19,7.4,casado,0
80.1,174.3,73,21.9,soltero,1
80.5,187.8,65,14.0,soltero,0
74.9,185.3,33,9.8,soltero,0
40.0,163.8,66,14.7,soltero,1
103.4,171.8,20,15.4,soltero,0
58.9,156.9,66,18.6,soltero,1
81.2,170.4,48,14.7,divorciado,0
57.1,157.3,71,21.2,casado,1
73.2,174.6,58,13.9,casado,0
51.5,164.9,50,14.7,casado,1
75.4,161.5,24,13.8,casado,0
73.8,158.7,66,23.5,soltero,1
67.1,167.9,54,18.3,soltero,1
84.0,186.6,50,12.8,casado,0
71.8,151.1,21,19.5,divorciado,1
88.4,165.0,23,13.8,casado,0
60.0,150.1,19,16.6,soltero,1
81.0,147.7,20,22.2,soltero,1
100.1,179.7,71,19.9,soltero,0
80.2,170.8,61,15.7,soltero,0
65.5,165.0,74,20.2,soltero,1
43.5,164.5,63,16.2,casado,1
77.6,163.7,20,12.3,divorciado,0
91.3,173.1,30,14.7,soltero,0
80.4,166.5,54,16.3,soltero,0
68.9,169.9,38,11.8,casado,0
87.7,162.6,68,20.8,soltero,0
61.4,160.4,50,20.0,casado,1
60.0,173.5,74,19.7,casado,1
81.0,179.4,52,13.8,casado,0
43.2,178.3,40,11.4,casado,1
74.0,146.5,21,16.2,soltero,0
71.5,169.4,46,13.4,casado,0
67.5,154.4,22,17.5,soltero,1
41.1,159.1,42,13.5,casado,1
55.2,156.1,51,17.4,casado,1
66.0,168.8,71,13.9,soltero,0
64.8,170.9,30,13.9,casado,1
86.2,162.7,51,19.6,soltero,0
74.9,192.0,28,8.7,soltero,0
77.6,159.1,65,17.1,soltero,0
65.1,167.6,27,14.3,soltero,1
40.9,158.7,61,14.3,casado,1
63.4,149.1,30,17.9,soltero,1
86.3,168.5,54,17.6,soltero,0
53.7,162.2,59,16.9,casado,1
90.7,181.4,28,12.3,casado,0
74.1,174.6,73,15.9,soltero,0
68.1,148.0,34,16.1,casado,0
51.0,197.9,49,7.5,soltero,0
88.2,173.7,52,15.2,casado,0
83.9,166.6,71,23.8,soltero,1
75.3,170.1,38,18.4,casado,1
77.7,155.9,18,20.0,soltero,1
40.0,173.4,19,8.0,casado,1
57.3,164.1,21,13.2,casado,1
87.5,160.9,31,17.4,casado,0
91.8,185.0,51,15.5,casado,0
73.4,168.3,51,13.9,soltero,0
97.3,181.1,64,17.9,casado,0
71.7,158.9,40,18.8,soltero,1
74.7,172.3,55,19.9,soltero,1
66.3,161.8,31,16.8,divorciado,1
60.7,161.0,73,18.8,soltero,1
55.7,179.8,33,7.4,divorciado,0
76.5,174.7,60,14.2,casado,0
85.0,177.7,71,17.4,soltero,0
87.5,177.4,35,11.9,divorciado,0
50.0,157.6,29,8.9,casado,0
57.5,154.8,41,16.7,divorciado,1
76.0,167.4,66,21.6,soltero,1
71.8,199.0,55,9.5,soltero,0
64.2,176.0,50,9.9,casado,0
92.5,167.5,32,15.2,casado,0
102.9,158.4,58,23.2,divorciado,0
86.1,190.0,37,11.8,soltero,0
68.2,164.2,72,15.6,casado,0
73.4,185.5,42,11.1,soltero,0
89.1,185.5,63,15.8,divorciado,0
62.9,151.4,63,21.4,casado,1
95.6,182.1,49,15.0,soltero,0
91.4,174.7,37,14.5,divorciado,0
74.2,166.7,68,16.1,casado,0
75.0,183.9,25,9.7,soltero,0
77.7,157.2,65,24.3,divorciado,1
78.7,154.0,72,23.9,soltero,1
100.8,187.0,49,15.7,soltero,0
80.4,161.6,62,22.9,casado,1
65.5,170.3,59,18.8,soltero,1
65.9,178.0,57,12.1,soltero,0
54.1,162.6,22,13.0,soltero,1
75.7,172.1,24,10.5,divorciado,0
96.9,177.6,72,19.7,divorciado,0
51.8,159.6,42,15.3,soltero,1
80.5,179.8,40,11.9,soltero,0
53.8,165.3,36,9.2,soltero,0
53.1,157.7,58,16.5,casado,1
69.0,177.1,73,14.8,soltero,0
85.0,154.0,62,26.9,casado,1
75.6,177.8,35,11.8,casado,0
72.1,176.9,72,15.4,soltero,0
42.7,169.9,38,10.2,soltero,1
40.0,154.2,56,13.6,soltero,1
56.3,181.0,70,11.5,divorciado,0
71.7,177.7,25,13.9,casado,1
102.4,189.2,21,12.0,soltero,0
64.8,168.5,71,14.4,casado,0
94.6,179.6,69,18.2,soltero,0
68.5,143.4,72,24.3,soltero,1
56.1,161.9,19,13.6,soltero,1
63.1,163.6,29,15.0,casado,1
61.0,165.0,57,17.4,casado,1
85.7,184.2,46,13.2,divorciado,0
77.2,174.8,36,12.4,soltero,0
67.4,188.8,74,12.5,soltero,0
76.4,172.8,43,18.5,casado,1
70.4,167.1,23,11.1,soltero,0
71.7,159.9,43,20.0,soltero,1
88.6,171.2,74,19.6,casado,0
56.7,158.0,43,12.4,divorciado,0
74.6,155.6,54,22.0,soltero,1
57.2,161.7,65,17.5,casado,1
79.3,190.5,52,11.3,casado,0
80.8,149.1,71,27.7,casado,1
103.7,190.0,72,17.9,soltero,0
70.5,159.3,36,19.2,casado,1
50.1,164.0,58,15.1,divorciado,1
40.0,159.2,71,16.3,casado,1
80.6,167.3,58,16.4,casado,0
56.4,155.4,40,16.8,divorciado,1
82.1,154.0,68,26.5,soltero,1
56.5,165.5,18,14.6,casado,1
78.4,160.3,30,19.5,casado,1
84.5,191.8,34,9.6,casado,0
50.0,181.1,37,7.0,divorciado,0
73.4,172.7,37,17.9,soltero,1
65.1,167.1,24,16.7,soltero,1
77.9,175.8,44,13.3,soltero,0
98.9,181.4,34,15.5,soltero,0
60.5,155.9,31,16.0,soltero,1
58.4,167.9,22,12.7,soltero,1
76.0,186.6,64,14.2,soltero,0
85.1,171.9,43,14.2,divorciado,0
102.2,178.9,36,16.7,soltero,0
72.8,156.9,62,22.1,casado,1
49.5,162.2,74,17.1,soltero,1
93.4,167.7,45,16.6,casado,0
86.5,160.3,28,21.1,soltero,1
75.6,171.9,43,19.2,soltero,1
56.4,181.6,30,7.3,soltero,0
41.1,158.9,21,11.9,soltero,1
59.9,159.6,25,14.7,casado,1
98.1,162.7,73,22.7,soltero,0
71.6,171.1,51,12.7,casado,0
65.0,164.8,23,14.5,soltero,1
95.8,160.5,70,21.8,soltero,0
64.4,154.7,74,22.9,casado,1
67.6,172.3,26,15.2,casado,1
56.6,159.8,67,18.8,soltero,1
63.2,162.1,53,13.5,soltero,0
71.0,165.8,42,17.5,casado,1
73.6,175.3,25,10.1,soltero,0
64.6,161.5,67,20.0,casado,1
62.9,163.0,39,16.7,casado,1
91.9,164.3,55,18.7,soltero,0
59.4,149.8,57,21.0,casado,1
78.9,169.6,53,14.7,casado,0
50.0,179.5,27,5.4,casado,0
80.1,168.1,34,13.7,soltero,0
53.8,162.0,49,15.6,soltero,1
93.8,168.7,41,22.5,casado,1
81.5,190.0,68,14.4,soltero,0
55.5,158.6,55,16.4,soltero,1
80.9,163.1,33,14.5,soltero,0
44.9,150.9,74,18.6,soltero,1
87.6,168.5,61,21.9,soltero,1
83.5,156.1,73,22.2,soltero,0
45.0,164.6,57,14.4,divorciado,1
59.8,161.3,62,16.8,casado,1
78.2,178.1,20,12.3,divorciado,0
59.4,157.0,32,15.3,casado,1
66.2,158.5,21,10.7,soltero,0
72.9,160.5,28,18.2,soltero,1
74.0,165.8,32,14.2,casado,0
73.3,154.0,65,22.3,soltero,1
88.4,185.5,74,16.5,soltero,0
110.6,168.1,21,18.3,casado,0
77.8,160.4,56,22.2,casado,1
68.6,197.1,66,12.5,casado,0
67.0,189.5,28,7.4,casado,0
69.3,174.0,50,13.4,casado,0
48.1,168.6,53,14.5,soltero,1
92.5,171.9,37,16.0,soltero,0
51.9,162.6,66,18.5,soltero,1
93.6,190.9,53,14.6,casado,0
69.8,173.0,38,10.3,soltero,0
57.5,160.9,31,15.3,soltero,1
67.9,195.9,34,7.7,divorciado,0
125.1,175.5,21,19.2,casado,0
62.8,146.5,33,19.3,soltero,1
84.1,175.4,33,13.0,soltero,0
91.6,163.2,41,23.9,soltero,1
67.7,161.7,51,19.9,casado,1
77.6,164.9,22,12.7,casado,0
64.7,161.9,33,17.0,soltero,1
63.6,182.1,18,7.0,soltero,0
62.6,182.3,25,7.9,casado,0
103.0,179.0,42,15.7,casado,0
79.1,169.6,45,14.1,soltero,0
84.4,181.8,46,13.3,casado,0
53.2,162.3,53,16.6,divorciado,1
70.7,156.9,57,22.1,casado,1
63.1,168.9,26,15.3,soltero,1
73.9,177.2,35,12.0,soltero,0
55.2,167.3,22,11.6,soltero,1
61.4,174.4,66,12.6,soltero,0
55.4,160.1,22,13.6,soltero,1
79.9,173.2,47,19.6,casado,1
50.1,174.9,66,15.7,soltero,1
80.8,172.4,55,14.6,soltero,0
63.4,178.4,37,9.5,divorciado,0
65.4,187.5,33,8.1,casado,0
64.1,173.8,29,14.2,soltero,1
85.7,181.1,43,12.7,soltero,0
63.7,168.6,43,12.0,soltero,0
77.7,182.6,29,8.5,casado,0
62.2,175.6,72,18.0,casado,1
48.1,142.1,19,14.5,divorciado,1
65.4,147.1,35,18.5,soltero,1
50.0,184.8,73,11.7,casado,0
77.8,186.9,34,9.8,soltero,0
52.6,171.8,19,11.6,soltero,1
77.6,179.2,18,9.5,soltero,0
69.5,185.1,49,11.3,soltero,0
72.1,156.1,53,22.3,divorciado,1
78.0,154.8,43,22.1,soltero,1
71.3,153.3,64,21.6,soltero,1
79.7,162.3,54,21.7,soltero,1
73.9,150.9,61,25.2,soltero,1
52.9,163.3,58,16.5,casado,1
80.1,155.0,48,22.9,soltero,1
61.1,167.2,51,16.7,casado,1
51.8,173.1,65,11.3,casado,0
67.6,169.6,73,20.1,casado,1
66.6,168.9,62,18.7,soltero,1
52.2,165.0,27,13.6,divorciado,1
75.4,163.3,58,21.4,casado,1
82.8,181.2,48,14.2,soltero,0
65.7,165.9,71,20.1,casado,1
55.5,166.4,37,14.0,soltero,1
79.1,175.3,57,14.8,soltero,0
56.1,168.9,29,13.7,soltero,1
108.9,193.5,39,15.2,casado,0
85.3,164.2,55,22.8,divorciado,1
65.6,154.0,21,17.1,soltero,1
78.4,159.4,34,20.9,casado,1
96.0,172.3,39,15.1,soltero,0
70.5,155.3,52,21.2,soltero,1
65.0,177.7,20,8.9,soltero,0
75.4,148.8,74,26.6,soltero,1
55.3,173.6,25,12.5,casado,1
54.1,178.8,67,10.8,casado,0
53.0,167.2,74,18.4,soltero,1
69.7,184.8,22,8.8,casado,0
56.6,159.1,59,18.4,soltero,1
78.9,161.6,45,16.0,casado,0
84.0,168.5,73,23.8,soltero,1
73.5,182.9,43,11.4,casado,0
85.3,177.2,60,13.9,soltero,0
108.2,162.0,63,23.6,soltero,0
87.1,158.2,28,22.6,casado,1
52.9,157.5,44,16.9,soltero,1
69.1,170.7,42,11.7,soltero,0
60.2,164.4,41,16.3,soltero,1
43.1,156.0,39,11.5,soltero,1
51.3,169.3,44,14.4,casado,1
74.3,177.0,74,14.9,casado,0
95.5,170.5,65,20.0,divorciado,0
69.1,158.2,36,19.6,soltero,1
56.5,164.2,40,15.3,soltero,1
111.5,184.8,43,17.2,soltero,0
47.8,151.1,36,13.6,casado,1
72.8,159.2,52,15.2,soltero,0
49.4,164.1,70,17.1,soltero,1
80.4,174.6,38,12.5,soltero,0
73.8,163.9,44,14.7,soltero,0
87.6,171.8,32,14.4,casado,0
82.6,162.5,33,16.1,soltero,0
55.4,164.8,21,8.2,casado,0
69.6,160.2,59,19.4,divorciado,1
78.4,170.5,54,21.9,casado,1
68.2,176.3,27,8.6,soltero,0
86.8,182.1,56,15.6,casado,0
49.4,162.9,22,12.8,soltero,1
68.8,160.0,32,17.1,soltero,1
68.4,191.4,29,7.3,soltero,0
86.5,185.5,53,13.9,casado,0
86.9,177.8,72,16.2,casado,0
47.5,173.6,43,13.1,soltero,1
66.9,169.3,44,11.4,soltero,0
74.5,159.4,59,22.3,soltero,1
96.6,171.9,74,20.9,soltero,0
54.7,168.2,59,16.6,casado,1
106.5,174.2,43,18.2,soltero,0
61.4,166.3,68,19.1,casado,1
61.7,148.7,49,19.6,soltero,1
119.4,182.1,34,18.1,soltero,0
83.3,168.1,70,18.6,soltero,0
94.3,184.4,36,13.7,soltero,0
82.8,160.4,57,22.3,soltero,1
72.4,169.6,32,11.6,soltero,0
53.3,174.4,30,13.0,casado,1
83.3,173.0,45,14.1,soltero,0
65.7,187.3,47,9.0,soltero,0
95.4,177.1,22,13.5,casado,0
50.0,183.3,22,5.3,soltero,0
79.7,178.3,25,10.7,divorciado,0
77.4,192.3,51,10.8,soltero,0
53.6,167.6,30,13.4,casado,1
61.4,157.9,28,16.4,soltero,1
53.8,155.4,45,18.3,divorciado,1
56.1,153.0,24,15.0,soltero,1
67.2,171.4,55,13.5,casado,0
86.1,158.5,69,25.9,casado,1
75.4,162.5,41,20.5,soltero,1
70.9,155.0,29,18.2,soltero,1
93.9,173.5,27,15.7,soltero,0
68.1,163.1,28,16.7,casado,1
49.9,161.5,57,16.0,casado,1
79.1,156.0,31,20.9,soltero,1
107.4,158.1,21,20.8,soltero,0
67.6,149.9,62,22.9,casado,1
64.9,167.0,72,20.5,casado,1
57.0,179.1,24,12.0,casado,1
86.3,177.0,69,17.0,casado,0
85.7,174.1,28,13.4,divorciado,0
75.6,185.5,62,13.3,divorciado,0
74.1,176.3,23,10.0,soltero,0
63.1,154.8,43,19.0,casado,1
41.8,153.2,41,14.3,soltero,1
60.9,162.0,39,16.6,soltero,1
58.2,174.1,70,16.9,casado,1
60.2,160.0,33,16.1,soltero,1
95.9,174.4,53,17.3,divorciado,0
77.8,169.7,71,21.0,soltero,1
71.0,153.0,47,16.9,soltero,0
82.0,177.6,56,15.8,casado,0
71.3,163.9,47,18.6,divorciado,1
62.9,163.8,28,10.0,soltero,0
65.7,160.9,43,13.5,soltero,0
84.3,166.7,26,18.9,soltero,1
50.0,181.7,29,5.1,soltero,0
70.1,170.5,39,18.1,divorciado,1
60.1,178.5,49,10.5,casado,0
70.0,168.5,22,10.1,casado,0
79.9,161.6,28,18.0,casado,1
95.8,191.3,22,11.8,divorciado,0
67.0,168.0,18,16.0,casado,1
53.8,171.4,34,7.9,soltero,0
71.2,165.6,64,15.5,soltero,0
60.5,152.5,59,19.7,casado,1
49.2,170.0,36,13.1,soltero,1
53.5,168.9,50,15.8,soltero,1
76.4,183.8,24,9.6,soltero,0
69.8,188.6,40,11.2,casado,0
56.3,164.3,34,14.1,soltero,1
71.9,164.0,22,12.5,casado,0
69.6,166.1,21,15.9,soltero,1
80.7,179.4,70,17.2,casado,0
70.1,174.9,69,20.1,casado,1
67.9,160.9,74,22.0,casado,1
99.3,161.9,64,22.4,casado,0
101.4,164.9,70,21.5,casado,0
75.9,185.9,39,9.9,soltero,0
71.0,170.4,39,16.5,divorciado,1
77.7,159.2,59,23.5,soltero,1
50.0,174.4,31,8.6,divorciado,0
82.3,160.6,32,20.8,casado,1
55.1,160.1,59,16.6,soltero,1
70.7,175.6,30,11.1,soltero,0
63.4,173.5,25,8.5,soltero,0
62.0,175.0,24,7.5,soltero,0
87.9,171.3,49,16.1,soltero,0
84.1,178.8,24,11.0,soltero,0
67.4,153.5,31,18.4,soltero,1
70.6,198.2,58,11.4,casado,0
67.1,177.9,36,10.5,soltero,0
79.6,169.6,33,18.4,soltero,1
74.0,172.3,68,20.6,soltero,1
73.1,174.0,66,14.0,casado,0
116.4,191.7,73,18.8,casado,0
57.7,151.9,59,20.2,soltero,1
53.1,144.3,69,21.5,soltero,1
83.4,171.8,64,17.7,divorciado,0
99.2,185.0,54,16.2,casado,0
61.6,162.2,47,12.6,casado,0
62.2,160.5,51,17.8,soltero,1
69.4,168.2,37,16.9,soltero,1
80.3,184.2,29,10.4,soltero,0
54.3,152.3,45,16.6,soltero,1
80.7,159.7,37,16.1,casado,0
67.8,162.1,27,11.9,casado,0
50.0,160.4,69,12.9,soltero,0
57.0,163.6,30,14.9,soltero,1
78.3,158.7,61,21.9,casado,1
90.1,170.5,28,15.2,casado,0
52.3,172.0,29,13.9,divorciado,1
52.6,172.8,65,16.0,casado,1
96.9,177.2,33,14.4,divorciado,0
68.9,159.8,54,19.4,casado,1
116.8,173.3,38,19.9,soltero,0
59.4,162.4,45,17.7,soltero,1
90.6,163.2,44,23.4,divorciado,1
79.7,157.7,65,24.7,soltero,1
82.2,167.6,71,19.2,divorciado,0
65.6,147.5,56,21.2,casado,1
60.5,152.8,29,17.9,casado,1
65.4,195.8,44,8.9,casado,0
80.8,158.3,40,22.0,soltero,1
47.6,166.7,71,17.4,soltero,1
78.0,183.3,30,10.8,casado,0
62.6,166.3,63,18.4,casado,1
82.5,164.2,67,19.2,casado,0
51.5,174.3,64,11.5,divorciado,0
58.0,155.5,61,20.0,soltero,1
77.9,165.8,61,17.3,casado,0
88.6,163.8,65,25.2,casado,1
62.8,172.2,48,12.0,casado,0
82.0,165.3,44,16.4,soltero,0
74.6,178.5,22,10.3,casado,0
89.9,194.1,21,11.7,soltero,0
80.7,174.0,70,21.1,divorciado,1
82.9,187.1,59,13.2,soltero,0
64.3,164.4,38,17.3,casado,1
104.0,197.5,20,10.8,casado,0
67.0,163.4,22,15.7,casado,1
72.0,147.3,34,21.5,divorciado,1
88.8,178.5,30,13.9,casado,0
71.2,166.7,21,17.0,casado,1
81.5,150.3,59,26.5,soltero,1
59.7,170.3,42,14.5,soltero,1
73.5,165.6,59,21.6,soltero,1
59.0,167.6,44,16.5,casado,1
81.0,169.8,67,17.0,casado,0
67.2,159.7,34,17.9,casado,1
69.3,188.9,56,11.1,casado,0
62.1,151.6,69,21.7,soltero,1
92.3,183.5,31,13.4,casado,0
58.0,147.8,34,18.4,casado,1
60.7,174.4,51,14.9,soltero,1
78.9,166.0,36,14.4,casado,0
71.6,179.4,46,11.3,divorciado,0
72.2,181.3,36,11.4,divorciado,0
94.5,172.2,72,19.4,soltero,0
66.6,159.6,53,19.5,soltero,1
74.2,170.6,21,15.6,casado,1
78.5,164.6,27,18.0,divorciado,1
46.4,148.0,56,16.6,soltero,1
63.2,146.0,73,24.3,casado,1
62.1,155.9,27,16.7,casado,1
66.5,166.9,36,16.3,soltero,1
58.2,168.4,52,15.6,soltero,1
85.3,156.6,37,23.3,casado,1
53.2,152.2,24,14.8,casado,1
68.3,169.5,60,15.8,casado,0
60.8,195.8,71,10.4,soltero,0
77.6,190.7,66,14.0,casado,0
40.8,152.9,18,11.0,divorciado,1
81.7,175.3,72,22.3,casado,1
46.5,175.0,26,10.8,soltero,1
59.0,163.9,30,14.7,casado,1
64.2,185.7,44,9.4,soltero,0
65.1,160.5,74,19.8,casado,1
102.6,181.4,56,18.2,soltero,0
91.5,182.7,64,15.4,soltero,0
64.5,155.3,48,20.1,soltero,1
88.1,191.8,22,10.2,casado,0
79.0,177.0,20,11.4,soltero,0
69.6,163.6,58,14.2,casado,0
68.3,155.0,59,15.0,divorciado,0
69.3,155.3,50,21.0,casado,1
75.4,182.3,61,14.6,casado,0
74.7,160.8,51,21.4,casado,1
69.2,162.2,39,16.6,soltero,1
61.0,164.7,34,15.9,casado,1
106.1,167.0,47,21.0,casado,0
84.7,168.6,64,15.7,soltero,0
77.1,171.0,48,19.2,divorciado,1
59.8,160.6,53,18.7,divorciado,1
84.2,177.9,73,23.1,soltero,1
79.2,170.3,58,16.5,divorciado,0
75.1,187.5,31,10.2,casado,0
68.3,171.3,40,18.2,soltero,1
92.3,161.3,70,21.4,casado,0
48.7,182.5,40,10.7,divorciado,1
71.2,159.9,69,21.9,soltero,1
74.8,156.6,55,22.6,soltero,1
67.1,169.6,35,15.6,casado,1
75.5,168.7,32,17.3,soltero,1
50.0,183.7,62,10.1,casado,0
68.0,173.2,25,9.0,divorciado,0
60.0,168.3,56,17.0,soltero,1
85.5,165.1,46,17.1,casado,0
61.9,159.9,60,18.8,soltero,1
95.9,175.7,48,17.4,soltero,0
59.8,182.3,64,16.3,soltero,1
60.5,155.3,51,18.4,soltero,1
70.8,186.7,20,8.1,casado,0
80.9,175.3,27,12.5,soltero,0
50.0,171.6,34,7.6,casado,0
60.3,166.8,43,16.6,soltero,1
75.5,163.7,47,15.4,casado,0
87.2,179.9,36,14.0,soltero,0
54.7,163.7,28,13.9,soltero,1
75.3,199.6,40,11.1,divorciado,0
78.7,170.2,18,11.7,casado,0
60.6,158.0,72,19.7,soltero,1
91.2,181.3,34,12.9,casado,0
53.2,160.7,35,14.4,soltero,1
69.1,178.2,23,9.2,casado,0
95.9,176.5,39,15.4,casado,0
66.4,173.7,69,14.0,casado,0
43.2,164.0,62,15.7,soltero,1
73.2,175.6,34,10.4,casado,0
85.3,174.5,44,15.4,soltero,0
70.7,155.9,27,18.0,casado,1
75.5,199.4,66,12.5,soltero,0
73.5,155.3,27,19.6,casado,1
51.0,170.6,73,12.4,casado,0
73.4,178.3,36,11.0,soltero,0
62.6,162.9,32,15.9,soltero,1
57.8,178.2,43,13.5,soltero,1
85.6,176.3,46,14.0,soltero,0
104.6,184.2,27,15.4,casado,0
62.8,156.6,59,19.0,divorciado,1
66.8,187.6,27,8.7,casado,0
97.7,186.9,53,15.5,casado,0
86.4,175.2,69,16.8,soltero,0
75.8,153.3,73,25.2,soltero,1
80.8,172.2,59,17.0,casado,0
106.3,184.7,69,20.3,casado,0
86.7,176.5,41,13.8,casado,0
49.9,151.7,57,16.4,soltero,1
64.5,153.9,29,16.7,casado,1
51.9,174.4,26,11.3,soltero,1
51.4,180.5,29,7.7,soltero,0
85.7,193.0,51,12.8,casado,0
79.3,173.1,58,16.3,casado,0
88.1,189.4,18,10.4,casado,0
65.9,179.5,40,9.0,soltero,0
50.0,178.3,26,5.0,casado,0
61.5,160.9,45,12.7,soltero,0
71.7,142.7,20,20.5,casado,1
91.1,169.4,43,16.2,soltero,0
58.5,171.4,42,10.1,soltero,0
97.5,177.2,61,17.6,casado,0
72.1,147.9,46,23.7,casado,1
85.0,165.1,57,18.4,casado,0
93.4,200.3,37,11.9,divorciado,0
42.9,171.7,51,13.7,soltero,1
70.1,177.7,46,11.4,soltero,0
72.8,169.9,68,19.9,soltero,1
94.8,174.9,58,17.0,soltero,0
73.0,190.9,34,10.4,casado,0
71.3,156.7,53,21.4,divorciado,1
44.2,151.9,45,14.4,casado,1
50.0,176.7,40,8.1,soltero,0
68.2,155.6,57,21.4,soltero,1
50.0,172.4,39,7.8,casado,0
80.6,153.3,74,26.7,soltero,1
51.6,185.3,57,7.8,divorciado,0
83.6,157.7,59,23.6,divorciado,1
76.1,155.8,30,18.9,soltero,1
100.4,178.4,52,17.9,casado,0
71.1,161.2,20,16.8,soltero,1
73.7,167.5,51,14.7,soltero,0
98.9,173.6,28,15.5,soltero,0
70.9,184.6,74,13.2,casado,0
82.4,174.1,24,17.7,soltero,1
68.7,180.3,37,10.5,casado,0
53.6,165.7,40,15.5,soltero,1
80.3,160.9,37,21.4,soltero,1
53.1,153.9,20,13.6,divorciado,1
66.3,157.4,45,19.3,soltero,1
73.3,174.3,61,14.2,casado,0
68.8,162.4,41,18.5,soltero,1
56.9,174.0,69,17.1,soltero,1
70.0,158.0,37,18.3,soltero,1
68.0,188.5,18,7.1,casado,0
57.6,154.5,32,17.5,soltero,1
40.0,167.8,48,12.7,soltero,1
57.2,155.0,21,14.6,soltero,1
77.4,169.2,33,16.9,soltero,1
49.5,167.6,73,16.2,soltero,1
78.3,157.2,61,23.3,soltero,1
89.3,180.7,50,14.2,soltero,0
92.1,161.0,43,24.0,casado,1
103.5,184.2,33,14.2,soltero,0
84.4,165.8,61,18.8,soltero,0
65.1,164.1,53,17.7,soltero,1
90.2,168.8,34,16.1,casado,0
95.1,139.3,23,29.5,casado,1
83.9,184.6,19,10.1,casado,0
94.9,176.5,38,15.0,casado,0
51.6,168.0,30,7.7,casado,0
54.3,168.3,38,9.5,soltero,0
49.8,153.3,38,16.1,divorciado,1
62.2,160.1,37,17.2,soltero,1
89.1,157.5,51,25.6,casado,1
77.5,198.0,50,10.8,soltero,0
94.6,172.6,21,14.8,divorciado,0
55.8,160.5,38,16.9,soltero,1
79.2,167.3,33,18.7,soltero,1
107.1,181.5,35,16.6,soltero,0
73.6,163.3,52,19.7,casado,1
56.8,158.9,45,17.8,soltero,1
95.8,181.5,60,16.6,divorciado,0
78.0,174.5,42,19.0,casado,1
83.9,179.1,62,16.9,soltero,0
105.0,171.8,41,17.1,soltero,0
50.0,196.6,46,6.1,casado,0
69.1,155.2,29,19.1,casado,1
67.4,156.9,56,20.3,divorciado,1
63.7,169.0,66,18.5,casado,1
70.7,159.3,41,15.2,divorciado,0
45.9,161.8,23,12.4,casado,1
74.9,193.8,71,12.9,soltero,0
73.4,164.8,53,20.3,casado,1
100.0,167.2,44,23.0,soltero,1
67.0,166.9,46,18.3,soltero,1
97.8,182.5,44,15.0,soltero,0
64.6,169.8,53,17.0,soltero,1
71.1,167.2,26,17.0,soltero,1
55.2,173.5,48,15.7,casado,1
63.0,162.2,50,12.8,casado,0
62.3,174.5,53,10.8,casado,0
93.5,180.0,42,15.1,divorciado,0
71.8,179.5,19,14.0,soltero,1
89.9,183.9,25,11.9,casado,0
71.7,163.9,21,16.5,soltero,1
73.5,176.8,58,13.4,soltero,0
48.1,159.5,34,13.6,soltero,1
83.7,164.8,68,23.8,casado,1
48.5,166.0,61,16.6,divorciado,1
95.2,177.9,72,18.1,soltero,0
72.6,166.2,20,17.3,soltero,1
59.6,158.6,53,17.0,casado,1
54.6,175.8,71,16.2,soltero,1
85.5,150.0,53,22.2,casado,0
61.9,183.5,52,9.2,soltero,0
74.6,155.0,49,22.5,soltero,1
75.6,150.6,71,25.0,soltero,1
74.4,161.7,35,18.9,soltero,1
64.1,148.8,29,18.2,casado,1
65.2,177.1,25,9.3,casado,0
92.2,170.2,19,14.4,casado,0
61.8,160.7,70,19.8,divorciado,1
59.8,163.4,25,14.1,casado,1
100.9,176.1,55,17.1,soltero,0
70.0,181.4,36,13.8,casado,1
64.4,188.6,60,11.0,soltero,0
84.1,178.5,18,10.6,casado,0
71.5,182.0,46,12.0,casado,0
72.5,169.0,57,14.1,casado,0
69.1,162.6,55,19.8,casado,1
